STM,STM_lon,STM_lat,PROMODS_PO
2.0,13.8702458314692,45.5157143495946,KORTINE - GRAČIŠČE
3.0,14.2827006569709,46.3361569621774,BISTRICA(TRŽIČ) - ZVIRČE
4.0,14.0323488056581,46.3848990638899,KRNICA - ZG.RADOVNA
5.0,13.9870348928753,46.3492113042516,ZATRNIK - MRZLI STUDENEC
6.0,14.5618722896744,45.9940297351865,LJ (RUDNIK) - ŠKOFLJICA
7.0,13.9862122855745,46.3487271735926,MRZLI STUDENEC - JEREKA
8.0,13.9857846288902,46.3493711902965,MRZLI STUD. - RUDNO POLJE
9.0,13.9242429453275,46.2966524664663,JEREKA - JEZERO
10.0,13.6125593405668,45.4960877667921,LUCIJA -  SEČOVLJE
11.0,13.7610002413114,45.5461231622814,BERTOKI - KP(ŠKOCJAN)
12.0,13.7017665272142,46.1784861039144,VOLČE - SOLARJI
13.0,13.6445001070469,45.5258150652623,IZOLA - JAGODJE
14.0,13.6576444586547,45.4585437271592,DRAGONJA - MP DRAGONJA
15.0,15.6609639882238,46.5439450057467,POBREŽJE - MB(TEZNO)
16.0,15.6619705408844,46.5644700626607,PRIKLJ. PESNICA - MARIBOR
17.0,15.6519905546784,46.4948553749267,HOČE  - SLIVNICA
18.0,15.6274968520442,46.5623707565637,MB (KOR. MOST - C. PROLE. BRIGAD)
19.0,15.6783479223393,46.5232849721448,MB (TRŽAŠKA) - MIKLAVŽ
20.0,15.686801652942,46.5156319618002,MB AC - MIKLAVŽ
21.0,14.1399369693685,45.6685211338308,KOŠANA - KAL
22.0,14.0520064764071,45.7364113362475,RAZDRTO - SENOŽEČE
23.0,13.8349064002653,45.8199165117659,KOBJEGLAVA - ŠTANJEL
24.0,13.8350220757732,45.783448389231,ŠTANJEL - DUTOVLJE
25.0,13.9585029772852,45.7319634955652,SENOŽEČE - ŠTORJE
26.0,14.5766929731441,45.9837289147734,ŠKOFLJICA - ŠMARJE SAP
27.0,15.7866842550087,46.7046576816458,TRATE - MOST ČEZ MURO
28.0,15.8090939864465,46.660606113896,KRIŽ. SV.ANA - ZG.ŠČAVNICA
29.0,15.8073906431786,46.6620486572538,ZG.ŠČAVNICA - TRATE
30.0,15.8443507224645,46.6389204659568,ŽICE - SV. ANA-ZG. ŠČAVNICA
31.0,15.105041959664,46.3719397962635,VELENJE - ŠKALE
32.0,15.106859558917,46.4101128409822,ŠKALE - GRAŠKA  G.-ŠMIKLA
33.0,15.0835436812681,46.4721852093419,SL.GRADEC - MISL.DOBRAVA
34.0,15.0181037448371,46.318031973499,SOTESKA - LETUŠ
35.0,15.0129941516556,46.3423702121977,GORENJE  -  REČICA
36.0,15.0498073127503,46.3109591820736,POLZELA - REČICA
37.0,15.0705669365068,46.260824043672,PARIŽLJE - ŠENTRUPERT
38.0,15.6282634951642,46.4313166270256,FRAM - SL.BISTRICA
39.0,13.5974335464953,46.2024393615801,IDRSKO - LIVEK
40.0,15.0883076475743,46.2737225530241,POLZELA - DOBRTEŠA VAS
41.0,14.9426328704976,46.2278763494529,TUHINJ - LOČICA
42.0,16.1668854348217,46.6865427376206,M.SOBOTA - GORICA
43.0,16.1991272990459,46.7067033756633,MARTJANCI - SEBEBORCI
44.0,16.1994863471138,46.6875185535774,MARTJANCI - MORAVSKE TOPLICE
45.0,16.3048474072583,46.6386894672642,DOBROVNIK - RENKOVCI
46.0,16.2464329954207,46.6057025938087,VELIKA POLANA - LIPA-BELTINCI
47.0,16.3425909505204,46.5704063793192,HOTIZA - VELIKA POLANA
48.0,15.4523414873765,46.3424403812658,TEPANJE - SL.KONJICE
49.0,15.3964280072915,46.3585918757932,SL.KONJICE - DOBRAVA
51.0,14.3228891058777,46.266591372174,POLICA - NAKLO(MARINŠEK)
52.0,14.4082248338744,46.148144461796,JEPRCA - MEDVODE
53.0,16.2032231682976,46.6121399357298,BRATONCI - DOKLEŽOVJE
54.0,14.5704707206967,46.1345694035232,STOB - TRZIN
55.0,14.9997426600585,45.9051718386657,PRIKLJ. TREBNJE Z - TREBNJE
56.0,15.3943195065491,46.3599307840667,DOBRAVA - STRANICE
57.0,13.8781733539708,45.6965071016418,SEŽANA - LIPICA
59.0,14.0161423499223,45.6718613154285,DIVAČA - FAMLJE
60.0,15.1220808136804,46.6060954742409,DRAVOGRAD - RADLJE
61.0,15.577544766853,46.566494379205,SELNICA - MB(OTOK)
62.0,16.0639149516754,46.413942417006,GORIŠNICA - ORMOŽ
64.0,15.0204905328466,46.2483655495215,ŠENTRUPERT - VRANSKO
65.0,15.0009851147669,46.2449667215882,PONDOR - TABOR
66.0,14.9516325771259,46.3477241040614,MOZIRJE - GOLTE
67.0,15.3680161172565,46.3597939855038,STRANICE - VIŠNJA VAS
68.0,15.3034756581064,46.2840389882126,VIŠNJA VAS - CELJE AC
69.0,15.2016005180382,46.2446415727339,MEDLOG - PETROVČE
70.0,15.1807352091422,46.2603411804155,ARJA VAS - ŽALEC
71.0,14.9007678807755,46.1934153445194,LOČICA - TROJANE
72.0,14.8704471620307,46.1838302491583,TROJANE - LUKOVICA
73.0,14.5558548010495,46.1253902943203,TRZIN - LJ(ČRNUČE)
74.0,14.1937784821901,45.8955931044722,KALCE - LOGATEC
75.0,13.8857995668778,45.6816714803791,LIPICA - LOKEV
76.0,14.1914880659413,45.7697215798181,POSTOJNA - RAZDRTO
77.0,13.9721017846508,45.680463556329,SENOŽEČE - DIVAČA
78.0,13.969659793959,45.6525918725794,MATAVUN - KOZINA
79.0,13.8075834780315,45.5464472231757,RIŽANA - DEKANI
80.0,14.0184523698062,45.677028164406,GORIČE - KOŠANA
81.0,13.729604407182,45.9351220098719,SELO - TRI HIŠE
82.0,14.1862953655517,45.7332512877124,POSTOJNA - PIVKA
83.0,14.2409230806051,45.5547398676589,IL.BISTRICA - DOLNJI ZEMON
84.0,15.7686728412821,46.5682724252342,PESNICA - LENART
85.0,15.9119516876086,46.6368979438067,LENART - GORNJA RADGONA
86.0,16.0278102434932,46.6494359024437,GORNJA RADGONA - RADENCI
87.0,16.2741563821069,46.5883205393257,BELTINCI - ČRENŠOVCI
88.0,16.3608505707437,46.5514855559619,ČRENŠOVCI - DOL.LAKOŠ
89.0,16.4454598154877,46.5524074206116,LENDAVA - PETIŠOVCI
90.0,15.2430622708636,46.2074280508544,CE (POLULE) - LAŠKO
91.0,15.2021039972422,46.1214926433606,ŠMARJETA - RIMSKE TOPLICE
92.0,15.1879680493937,46.06687466978,ZIDANI MOST - RADEČE
93.0,13.5249207292377,46.2469562153879,STARO SELO - BREGINJ-MOST
94.0,15.0445906527825,46.2836097457312,PARIŽLJE - BRASLOVČE-M.BRASLOVČE
95.0,15.4850606042319,45.9366343758889,KRŠKO - LESKOVEC
96.0,13.5169184021768,46.2835803877094,ŽAGA - KOBARID
97.0,13.7120383106571,46.1834698042045,IDRSKO - PERŠETI
98.0,13.6802806917999,46.0013819561985,PREVAL - GRGAR-ČEPOVAN
99.0,13.6512517195082,45.9765603873532,PLAVE - SOLKAN
100.0,14.1408881586434,45.925144635757,GODOVIČ - KALCE
101.0,15.2246820500578,46.0392209692515,RADEČE - BOŠTANJ
102.0,13.9787650953798,46.1226727429095,CERKNO - ŽELIN
103.0,15.4829871188626,45.9709698562108,BRESTANICA - KRŠKO
104.0,13.8005458229559,46.1234457894623,BAČA - DOL. TREBUŠA
105.0,14.0807476242548,45.9551984503337,GODOVIČ - ČRNI VRH
106.0,14.3515392069171,46.166750685347,ŠKOFJA LOKA - JEPRCA
107.0,14.3132402916326,46.1672744606561,ŠKOFJA LOKA
108.0,13.7692448179338,46.148459793815,BAČA - KNEŽA
109.0,14.1244095609558,46.3670512630398,LESCE - BLED
110.0,14.059841659398,46.3206447626621,PRISTAVA - SOTESKA
111.0,14.3276756002039,46.1952971797637,KRANJ - ŠKOFJA LOKA
112.0,14.227912781017,46.1311282153069,ŠK.LOKA - GORENJA VAS
114.0,14.645936478107,46.0898929360498,ŠENTJAKOB - DOLSKO
115.0,14.5594960218105,46.1850577434952,MOSTE - MENGEŠ
116.0,14.5668890672067,46.1507244919971,LOKA - TRZIN
117.0,14.5904908545648,45.9044810752557,ŠKOFLJICA - RAŠICA
118.0,15.1712026440585,45.8183184003678,NOVO MESTO (KRKA)
119.0,14.8693173965096,45.5713580268676,LIVOLD - ŠTALCERJI
120.0,14.5787208905023,46.09113272757,ČRNUČE - ŠENTJAKOB
121.0,14.7355858986914,46.0884783806292,DOLSKO - RIBČE
122.0,15.034906735987,46.1243141253839,ZAGORJE - TRBOVLJE
123.0,15.0888216121262,46.1211888675957,TRBOVLJE - HRASTNIK
124.0,15.1211260441465,46.1076173301554,HRASTNIK - ZIDANI MOST
125.0,15.5746123062165,46.3323701553071,SL.BISTRICA - POLJČANE
126.0,15.5722102628629,46.2467550071127,POLJČANE - PODPLAT
127.0,15.0349516193996,46.1333926179579,BEVSKO - MOST ČEZ SAVO
128.0,15.6081234243098,46.1580792633068,MESTINJE - GOLOBINJEK
129.0,15.6295047206537,45.91690602408,BIZELJSKO - BREŽICE
131.0,15.0491210395472,46.549660299102,OTIŠKI VRH - SL.GRADEC
132.0,15.1436609111098,46.3480546483212,VELENJE - ČRNOVA
133.0,15.1797942221739,46.2817652653558,ČRNOVA - ARJA VAS
134.0,15.3898060244572,46.2137224241403,ŠTORE -  ŠENTJUR
135.0,15.4313978584751,46.2500566863757,DOLE - PONIKVA-LOČE
136.0,15.5769717421523,46.244481654312,PODPLAT - TEKAČEVO
137.0,16.1688623091514,46.7416993454223,MAČKOVCI - MARTJANCI
138.0,15.0214396955956,46.3150172662193,LETUŠ - M.BRASLOVČE
139.0,14.9537165303036,46.3252409242581,MOZIRJE
140.0,16.214234708181,46.4570772418296,STROČJA VAS - PAVLOVCI
141.0,16.4591530334998,46.5931965484161,DOLGA VAS - MP DOLGA VAS
142.0,16.0485726410645,46.6785855824763,GEDEROVCI - MP GEDEROVCI
143.0,16.4417595063207,46.5235197529141,PETIŠOVCI - MP PETIŠOVCI
144.0,15.7856671819032,46.7066619467832,MOST ČEZ MURO - MP TRATE
145.0,15.765760256268,46.3420071921752,MAJŠPERK - JUROVCI
146.0,16.2081852704297,46.6321055533735,LIPOVCI - BRATONCI
147.0,15.1421639894052,45.8605412788954,ŠENTJURIJ - PRIKLJ. NM ZAHOD
148.0,16.183653330316,46.6546205693733,M.SOBOTA - LIPOVCI
149.0,13.7335435314101,45.5255398407263,KOPER - ŠMARJE
150.0,13.6742245377091,45.4745656886678,ŠMARJE - DRAGONJA
151.0,13.8752662683724,45.4975417576287,GRAČIŠČE - SOČERGA
152.0,14.3262815008453,45.7937097539257,RAKOV ŠKOCJAN - PODSKRAJNIK
153.0,14.241129830542,45.9397093049494,VRHNIKA - LOGATEC
154.0,15.2485984475697,45.456406942829,VINICA - MOST ČEZ KOLPO
155.0,15.3225618870211,45.6359468663475,METLIKA - MP METLIKA
156.0,16.1551306140946,46.4029699605322,ORMOŽ - MP ORMOŽ
158.0,14.4313583297063,45.9067000478017,KRIM - RAKITNA
160.0,14.9831752953278,46.5496527573702,RAVNE - DRAVOGRAD
161.0,14.5356228052862,45.9542822982171,ŠKOFLJICA - IG
162.0,14.759194698688,45.6594006048205,DOL. VAS  -  GOTEN. - KOČ. REKA
163.0,14.9758880860301,45.8015851280779,DVOR - SOTESKA
164.0,15.1257409750134,45.7296840677962,GABER -  URŠNA S. - NOVO M.
165.0,14.4377330178167,46.0288136336648,LJ(VIČ) - AC BREZOVICA
166.0,15.0813012846355,46.3679288264057,PESJE - VELENJE
167.0,15.0531037538164,46.3742348892207,ŠOŠTANJ - PESJE
168.0,15.0581216547184,46.3627609954082,PESJE - GORENJE
169.0,14.6881829183829,46.2746249700763,PODLOM - KR.RAK
172.0,14.5426107731714,46.1041760240594,LJ (ČRNUČE - BRNČIČEVA)
173.0,14.9809469724351,45.9178035856854,ČATEŽ - TREBNJE
174.0,14.5012799784699,46.0843711151623,LJ (SAVLJE - IND. CONA ŠIŠKA)
175.0,14.8919649893362,46.2839029306762,NAZARJE - GORNJI GRAD
176.0,15.0345578344651,46.3205021385774,REČICA - LETUŠ
177.0,15.180759582475,45.8011982547984,NOVO MESTO (KRKA - REVOZ)
178.0,14.5184420259468,46.0197872040588,LJ (PERUZIJEVA - BARJANSKA)
179.0,14.5663992135152,46.0675940794596,LJ (ZADOBROVA  - LESKOVŠKOVA C.)
180.0,14.5694124170751,46.0306700006876,LJ (LITIJSKA - MALENCE)
181.0,14.8282065025686,46.120225995755,KANDRŠE - VAČE-SP.HOTIČ
182.0,15.0112727001645,45.9909202653321,MORAVČE - TIHABOJ-MIRNA
183.0,15.3705009163001,45.8974925440007,SMEDNIK - ZAMEŠKO-KOSTANJEVICA
184.0,15.6740703322032,45.8648410351904,ČATEŽ OB SAVI - MOKRICE
185.0,15.5466753073927,45.9781950072572,PIŠECE - ZG.POHANCA-KRŠKO
186.0,15.3646961371328,46.0628363259022,OREŠJE/SEVNICI - PLANINA
187.0,15.3545876001128,46.1690214593302,LAŠKO - BREZE-ŠENTJUR
188.0,15.5615380503547,46.2291102746439,ŠMARJE PRI JELŠAH - MESTINJE
189.0,14.1467679911465,46.2152011944539,ZALI LOG - ČEŠNJICA
190.0,14.1028264486043,46.363564358383,BLED - PRISTAVA
191.0,15.4725669905034,45.8613025281408,KRIŽAJ - PODBOČJE-ŠUTNA
192.0,13.5885705334254,45.5175347563093,VALETA - BELI KRIŽ-PIRAN
193.0,15.1774925643834,45.825435123955,NOVO MESTO (LOČNA - KRKA)
194.0,15.1569416001633,45.8400513037568,PRIKLJ. NM ZAHOD - V. BUČNA VAS
195.0,15.439092349369,46.3038851295477,ŽIČE - KARTUZIJA
196.0,15.6069901017297,46.3987454219867,SL.BISTRICA - PRAGERSKO
197.0,13.7467682436175,46.4068009705263,VRŠIČ - TRENTA
198.0,13.5739288238825,46.3431116106181,TRENTA - BOVEC
199.0,14.4700430815482,46.0759172852515,LJ (VODNIKOVA  -  PODUTIK)
200.0,14.3828568741708,46.2417461681148,KRANJ - LETALIŠČE BRNIK
201.0,14.6967990559945,46.418783006117,LUČE - SESTRE LOGAR
202.0,14.8269596860459,46.3470657277223,RADMIRJE - LUČE
203.0,13.712961203509,45.8879847521064,VOLČJA DRAGA - DORNBERK
204.0,13.7891326530303,45.8584658597439,DORNBERK - ŠTANJEL
205.0,13.8603420203124,45.7507071276305,DUTOVLJE - SEŽANA
206.0,13.8778092908863,45.7102348556204,SEŽANA - DIVAČA
207.0,13.9934040846451,45.6615045307239,MATAVUN - VREME
208.0,13.7750241976103,45.8934258765054,DORNBERK - SELO
209.0,13.6683730231959,45.9567856366646,AJŠEVICA - KROMBERK
210.0,14.0970825551104,45.6485478951628,FAMLJE - RIBNICA
212.0,13.5767639248831,46.2481884142772,STARO SELO - KOBARID
213.0,13.5879711863706,46.0392586104398,PLAVE - GONJAČE
215.0,13.6462132227095,45.839812892734,OPATJE SELO - KOMEN
216.0,13.773694706439,45.8166674807881,KOMEN - KOBJEGLAVA
217.0,13.9382837385544,45.8179078426207,ŠTANJEL - MANČE
218.0,13.742958694854,45.8152271889818,KOMEN - GORJANSKO
219.0,13.6107999725053,45.9866219224023,SOLKAN MOST - GONJAČE
220.0,13.7848841668932,46.4709924482942,KRANJSKA GORA  -  ERIKA
221.0,13.8155989866911,45.5324658320053,BERTOKI - SV. ANTON
222.0,13.6437963679274,45.9446287697749,KROMBERK  -  ROŽNA DOLINA
223.0,13.9863381566169,45.8887618880022,COL - PREDMEJA
224.0,13.7889874984649,46.0146678753926,LOKVE - ČEPOVAN
225.0,13.6641481988353,45.9839189415281,GRGAR - LOKVE
226.0,14.1826567641633,45.6034791679466,PREM - ČELJE
227.0,13.6429387598908,45.9327143617813,NG(R. DOLINA)  -  ŠEMPETER
228.0,14.4272175410172,46.1667487464259,ZBILJE - VODICE
229.0,14.5218790280454,46.1923841308905,VODICE - MOSTE
230.0,14.5636730650235,46.1974721667658,MOSTE - DUPLICA
231.0,14.6107140683854,46.2314624610314,KAMNIK (MEKINJE) - SP.  STRANJE
232.0,14.9127831716378,46.3156806744541,RADMIRJE - MOZIRJE
233.0,14.6468435598953,46.2625390361831,STAHOVICA - ČRNIVEC
234.0,14.8185161692197,46.2989806112368,GORNJI GRAD - RADMIRJE
235.0,14.0872724675061,46.3798344306518,GORJE - BLED
236.0,14.054530337127,46.3712375526144,KRNICA - ZATRNIK
237.0,14.7198323933067,46.2714313391194,ČRNIVEC - GORNJI GRAD
239.0,13.9595549725683,46.2846972974815,BITNJE - JEREKA
240.0,13.864915260825,46.2787509388751,JEZERO - ZLATOROG
241.0,14.0824709240205,46.4174222125476,JAVORNIK - GORJE
242.0,14.4978852953229,46.3193241868068,SP. JEZERSKO - PREDDVOR
244.0,14.3786606510204,46.2401309761487,KR(PRIMSKOVO - LABORE)
245.0,14.3283296632879,45.8084966028836,RAKEK - CERKNICA
246.0,14.422524546193,45.7710559975301,CERKNICA - BL.POLICA
247.0,14.5058919957061,45.7728402295894,BL.POLICA - SODRAŽICA
248.0,14.6486538305723,45.7568994472817,SODRAŽICA - ŽLEBIČ
249.0,14.4196915174097,46.2755975057972,PREDDVOR - KR(PRIMSKOVO)
250.0,14.1841475372853,46.3169095978929,LESCE - K.GORICA-LIPNICA
251.0,14.2066581652667,46.3037876276786,LIPNICA - KROPA
252.0,13.7051861409062,45.9176442940512,TRI HIŠE - PRIKLJ. VOGRSKO
253.0,13.9806708656174,46.2727047300248,BOH.BISTRICA - VRESJE
254.0,14.207363299153,46.3044043220009,LIPNICA - OVSIŠE
255.0,13.8915073082592,46.2746926750658,BOH.BISTRICA - JEZERO
256.0,14.1469397876795,46.3975956491998,ŽIROVNICA - BEGUNJE
257.0,14.2148941500735,46.3798349714037,BEGUNJE - BISTRICA(TRŽIČ)
258.0,14.3451160179446,46.2935864565092,GOLNIK - KOKRICA
259.0,14.5885584214998,46.1929033387148,MENGEŠ - DUPLICA
260.0,14.4782350341494,46.1410972927859,LJ(ŠMARTNO) - VODICE
261.0,14.4878719265122,46.2229906137464,VODICE - SP.BRNIK
262.0,13.6704623053361,45.9119643119121,ŠEMPETER - VOLČJA DRAGA
263.0,14.1594768993369,46.0868823118081,GORENJA VAS - LUČINE
264.0,14.3021592970147,46.0199166326127,HORJUL - VRHNIKA
265.0,14.3642894782628,45.9254052834895,VRHNIKA - PODPEČ
266.0,14.4389009188806,45.9718905958422,PODPEČ - IG
267.0,14.4244930455593,46.0250229066455,AC BREZOVICA - BREZOVICA
268.0,14.9289691508697,45.7605981362684,STARI LOG - DVOR
269.0,14.957748721221,45.8549833289079,ŽUŽEMBERK - PLUSKA
270.0,15.1135999428295,45.9600902312929,MIRNA - MOKRONOG
271.0,15.4430240847651,46.1496457344061,ČRNOLICA - LESIČNO
273.0,14.6365110709837,45.9647865214866,CIKAVA  -  GROSUPLJE
274.0,15.5205709759325,46.1033311036379,LESIČNO - GOLOBINJEK
275.0,14.6687020535389,45.9431721038869,GROSUPLJE - MLAČEVO
276.0,14.6789796606683,45.938981277638,MLAČEVO - PLEŠIVICA
277.0,14.8357257213531,45.8590771889148,KRKA - ŽUŽEMBERK
278.0,14.9575184608995,45.8174166291176,ŽUŽEMBERK - DVOR
279.0,15.0431722191996,45.7389876110541,SOTESKA - ČRMOŠNJICE
280.0,15.179698551365,45.5891030047291,RUČETNA VAS - ČRNOMELJ
281.0,15.1983146754562,45.565829016911,ČRNOMELJ - DOLENJCI
282.0,14.966141100894,45.9960902808815,LJUBEŽ V LAZIH - MORAVČE
283.0,14.9680671507132,45.9675768944818,MORAVČE - ČATEŽ
284.0,14.8601333129105,46.0396683979339,ŠMARTNO PRI LITIJI - M.KOSTREVICA
285.0,15.1316269587536,46.0635173089969,SOPOTA - RADEČE
286.0,15.2074289693401,46.0584098911079,RADEČE - BREG
287.0,15.3340915432587,46.0931084022759,LISCA - JURKLOŠTER
288.0,14.6255813616768,45.9707439519598,ŠMARJE - SAP - CIKAVA
289.0,14.822735788596,45.9437731412632,IVANČNA GORICA - GRM
291.0,15.288482556238,45.9087798404457,ZBURE - ŠKOCJAN
292.0,15.5417357012405,46.0839235450503,LESIČNO - ŠONOVO
293.0,15.3307967974596,45.8738695515531,DOBRUŠKA V. - ŠENTJERNEJ
294.0,15.0991151797354,45.7844102766548,STRAŽA - NM DRSKA
295.0,15.27524689416,45.8340308461351,RATEŽ - ŠENTJERNEJ
296.0,15.4502189155426,45.8672058256912,KOSTANJEVICA - KRIŽAJ
297.0,15.5320060946103,45.8859555382217,KRIŽAJ - ČATEŽ OB SAVI
298.0,15.0569961328843,45.7603788666972,VAVTA VAS - DOL.TOPLICE
299.0,15.040767369654,45.5508881834281,BREZOVICA - DOBLIČE
300.0,15.1638948079009,45.5625277562275,DOBLIČE - KANIŽARICA
301.0,15.3675732820076,45.6674391234679,MEJA RH - KRMAČINA - DRAŠIČI
302.0,15.2588627358451,45.610887724811,PODZEMELJ - ČRNOMELJ
303.0,15.1748803580351,45.5198945790741,KANIŽARICA - VINICA
304.0,14.6631463594679,46.1457924704555,KRTINA - MORAVČE
305.0,14.839711509245,46.1329380316451,TRATA - IZLAKE
306.0,14.9575009343662,46.1421099837573,IZLAKE - ZAGORJE
307.0,15.0271007053723,46.1425453563024,ZAGORJE - BEVŠKO
308.0,15.1711691045232,45.5619140703699,ČRNOMELJ - (KOČEVJE) - KANIŽARICA
309.0,15.0701962974154,46.1660996971946,TRBOVLJE - BOBEN - HRASTNIK
310.0,15.1319406206475,46.1397443788591,HRASTNIK - ŠMARJETA
311.0,15.718540395924,46.4429925206373,RAČE - KUNGOTA-KIDRIČEVO
312.0,15.4778605735944,46.1093577988032,LOKE - LEDINŠČICA
313.0,15.3886413110944,46.1371400086743,DEŽNO - ČRNOLICA
314.0,14.9231627594981,46.1596647579486,TROJANE - IZLAKE
315.0,15.1408898227011,46.3765521530074,GORNJI DOLIČ - VELENJE
316.0,15.3852336808404,46.2473072102001,DRAMLJE - DOLE
317.0,15.4823175196981,46.3136251969308,ŽIČE - MLAČE
318.0,15.6336887151085,46.3113633306594,POLJČANE - MAJŠPERK
319.0,14.9828033319426,46.5274214133711,RAVNE - KOTLJE
320.0,15.1847630129695,46.3233785653113,DOBRNA - ČRNOVA
321.0,15.286683737646,46.3064138383763,VIŠNJA VAS - STRMEC
323.0,14.8610665577838,46.5383346459458,POLJANA - MEŽICA
324.0,15.0476137904807,46.3979538169851,ŠENTVID - ŠOŠTANJ
325.0,14.4617246153499,46.1165027083216,LJ(ŠENTVID - ŠMARTNO)
326.0,15.1133192081895,46.3398298450613,VELENJE - POLZELA
327.0,15.3449357630191,46.4663468535082,PESEK - ROGLA
328.0,15.3999242392736,46.546248633754,RUTA - LOVRENC
329.0,15.0978475708522,46.4966993532619,SL.GRADEC - LUŽNIK
330.0,15.4432466488279,46.3839081209397,SL.KONJICE - OPLOTNICA
331.0,15.5226855492429,46.3828514782494,OPLOTNICA - LOŽNICA
332.0,14.6692495279854,46.1621496412222,LUKOVICA  -  ŽELODNIK
333.0,15.56585844888,46.069545016404,ŠONOVO - PODSREDA
334.0,16.050912038141,46.6785640776915,VEŠČICA - GEDEROVCI
335.0,15.6105528126198,46.0385062384919,PODSREDA - BISTRICA
336.0,15.7143748754024,46.2858468338089,ROGATEC - MAJŠPERK
337.0,15.759622104564,46.2094906009751,ROGATEC - MP DOBOVEC
338.0,15.8683574321761,46.5459108594377,GOMILCI - SENARSKA
339.0,15.8329247245661,46.6017576596305,LENART - KRIŽ. SV.ANA
340.0,16.0524505110763,46.38942345994,BORL - MP ZAVRČ
341.0,15.981765024415,46.3754149970411,SPUHLJA - BORL
342.0,15.7141334879384,46.5148613131301,MARIBOR - DVORJANE
343.0,16.031683488214,46.6188927957657,GRABONOŠ - RADENCI
344.0,16.0250992696605,46.7249518019258,CANKOVA - VEČESLAVCI
345.0,16.1378257637462,46.6642990411055,MURSKA SOBOTA - VEŠČICA
346.0,16.2734789757578,46.63341148552,RENKOVCI - BELTINCI
347.0,16.1817426599522,46.5993727426819,DOKLEŽOVJE - KRIŽEVCI
348.0,15.2437301405318,46.3222323823064,STRMEC - DOBRNA
349.0,15.9771898757134,46.5642214184307,SV. JURIJ OB ŠČAVNICI - CERKVENJAK
350.0,15.6881697945867,46.6903508198098,ŠENTILJ - TRATE
352.0,16.0492973263701,46.6370858001404,RADENCI - VUČJA VAS
353.0,16.1724277937608,46.5385505415811,KRIŽEVCI - LJUTOMER
354.0,16.1566221868464,46.4629477444744,LJUTOMER - PAVLOVCI
355.0,16.2565702645599,46.3976967649364,ORMOŽ - SREDIŠČE OB DRAVI
356.0,16.0998500825055,46.8377124769572,MARTINJE -  KUZMA
357.0,16.0840218564383,46.5498875714785,KRIŽEVCI - ŽIHLAVA
358.0,16.4340488910926,46.5934335108184,DOBROVNIK - RONDO DOLGA VAS
359.0,16.3198473470182,46.6158180253577,RENKOVCI - ČRENŠOVCI
360.0,16.2724946745022,46.5524952351313,ČRENŠOVCI - RAZKRIŽJE
361.0,15.8978112608132,46.6970632607077,TRATE - GORNJA RADGONA
362.0,14.6040158842078,46.2054370927287,DUPLICA - KAMNIK
363.0,15.9469730317968,46.4522746375405,GABERNIK - ROGOZNICA(PTUJ)
364.0,15.4763023251145,46.0098773337813,SENOVO - BRESTANICA
365.0,15.5386691200567,46.0347119397888,PODSREDA - SENOVO
366.0,15.6043357981762,45.8987136269593,BREŽICE - ČATEŽ
367.0,15.5584720898312,45.9475812254509,KRŠKO - SP.POHANCA
368.0,15.6265241178678,45.8995385279042,BREŽICE - DOBOVA
369.0,15.3791423912081,45.9154958146378,ZAVRATEC - SMEDNIK
370.0,14.1482393363893,45.9950587013213,ROVTE -  ŽIRI
371.0,15.4504801248879,45.8692383279902,DRNOVO - KRIŽAJ
372.0,15.2770842003121,45.5907153295385,PODZEMELJ - DOLENJCI
373.0,15.2569375101127,45.4625433832788,ŽUNIČI - VINICA
374.0,15.2445876013356,45.4573245271043,VINICA - STARI TRG
375.0,14.8435835499145,46.0347614929078,ŠMARTNO - GRM
376.0,14.7583778810433,46.2181283535129,KAMNIK - TUHINJ
377.0,15.2986554899724,46.382580216464,GORNJI DOLIČ - STRANICE
378.0,15.2296262028331,46.5922621791296,RADLJE - RIBNICA
379.0,15.322890168866,46.5557241344458,RIBNICA - BREZNO
380.0,14.5817078232414,46.0825869228651,PRIKLJ. SNEBERJE - ŠENTJAKOB
381.0,14.5842850336498,46.0941402063266,ŠENTJAKOB - DOMŽALE
382.0,14.595121598651,46.1847839709714,DOMŽALE - DUPLICA
383.0,14.5296831053126,45.9641377038189,IG - LJ (PERUZZIJEVA)
384.0,14.5583157134257,45.6466473077357,PUDOB - BABNO POLJE
385.0,14.605866940378,45.746862644631,SODRAŽICA - HRIB
386.0,14.4693020528526,45.7178960365387,BLOŠKA POLICA - PUDOB
387.0,14.80504225715,45.9320114540943,IVANČNA GORICA - KRKA
388.0,14.6717793326748,45.9308718878276,MLAČEVO - VIDEM
389.0,14.3621226474361,46.0731003942701,POL.GRADEC - DOBROVA
390.0,13.8409953399223,46.090058314782,D.TREBUŠA - SP.IDRIJA
391.0,14.8427058738504,46.0575243880218,LITIJA - ŠMARTNO
392.0,14.269284790392,45.8588390919823,RAKEK - LOGATEC
393.0,14.2276999449899,45.9241882152043,LOGATEC - ROVTE
394.0,14.108558286641,46.0576688812415,ŽIRI - TREBIJA
395.0,14.2294820172797,45.9118461114938,LOGATEC - PRIKLJ. LOGATEC
396.0,14.2780069987209,45.5504534264749,IL.BISTRICA - ZABIČE
397.0,14.2255458309731,45.5711490494378,PODGRAD - IL.BISTRICA
398.0,14.2223412529273,45.6540292713612,IL.BISTRICA - PIVKA
399.0,15.698297690155,46.4294517067544,RAČE - ŠIKOLE
400.0,15.2104726731448,45.8338546919078,LEŠNICA - OTOČEC
401.0,15.2993857930334,45.9180554097214,ZAVRATEC - ŠKOCJAN
402.0,15.2497554111174,45.8673373441217,ŠMARJEŠKE TOPLICE - DOLENJE KRONOVO
403.0,13.7392305248202,45.5758862078165,KRIŽ.MORETINI - ANKARAN
405.0,13.7463717359143,46.1706515356256,PERŠETI - MOST NA SOČI
406.0,13.8997588902215,46.106932848408,DOL TREBUŠA - ŽELIN
407.0,15.2440171991294,45.912546335182,MOKRONOG - ZBURE
408.0,14.1167700753052,46.1068956272626,GORENJA VAS - TREBIJA
409.0,14.0737264711189,46.0809573819847,TREBIJA - SOVODENJ
410.0,14.6962130716368,45.7645574129322,RAŠICA - ŽLEBIČ
411.0,15.6599884303937,46.0691825841701,BISTRICA OB SOTLI - MP BISTRICA
412.0,15.6179569550678,46.0905716950155,GOLOBINJEK - BISTRICA
413.0,15.6897130296724,46.0230464142208,BISTRICA - BIZELJSKO
414.0,15.7000236594232,46.2229993395373,ROGATEC
415.0,15.6098592782149,46.1289450019207,IMENO - MP IMENO
416.0,15.3069771517751,45.8921572196541,ŠKOCJAN - DOBRUŠKA VAS
417.0,15.2456714921475,46.2372397596668,MEDLOG - CELJE
418.0,13.8806493636324,45.6540594254729,DIVAČA - LOKEV-LIPICA
419.0,13.8136723728548,45.7275933503817,DUTOVLJE - REPENTABOR
420.0,15.2928541666593,46.2345095918719,CELJE - ŠTORE
421.0,15.6604935744215,46.4526824324156,FRAM - RAČE
422.0,13.6232155179447,45.8133630266313,GORJANSKO - KLARIČI
424.0,15.9416915768881,46.4178054598592,SPUHLJA - GORIŠNICA
425.0,15.8946453840786,46.4254176904566,KRIŽ.SPUHLJA - PTUJ
426.0,15.712089704193,46.4084841493662,ŠIKOLE - KIDRIČEVO
427.0,13.9726000067689,45.8812071039165,COL - AJDOVŠČINA
428.0,15.5748416958414,46.1041858226271,PRELASKO - BUČE-KOZJE
429.0,15.6151219788836,46.6385511961317,POČEHOVA - ZG.KUNGOTA
430.0,16.3380643607945,46.8214514027919,MP HODOŠ - HODOŠ
431.0,16.3080976846567,46.5205224888412,GIBINA - RAZKRIŽJE
432.0,14.9030258029273,46.5437033369049,POLJANA - PREVALJE
433.0,15.941795632394,46.432128010847,DORNAVA - KRIŽ.SPUHLJA
434.0,14.9452135078735,46.4429467157116,ČRNA - ŠENTVID
435.0,15.7277424201171,46.0449622742365,BIZELJSKO  -  OREŠJE
436.0,14.7597327318784,45.9492737664057,GROSUPLJE - IVANČNA GOR.
437.0,14.6573279143511,46.0354917317787,ZADVOR - ŠMARTNO P.LITIJI
438.0,15.7944331359722,46.4931155088661,DVORJANE - PTUJ
439.0,15.0579682731891,46.1865939652653,PREBOLD - SPODNJE GABRSKO
441.0,15.7788421965453,46.3739306548465,MAJŠPERK - APAŠKI KRIŽ
442.0,15.8374471450436,46.5691829342466,SENARSKA - LENART
443.0,16.0496627793342,46.6781797106725,PETANJCI - GEDEROVCI
444.0,16.0473523878116,46.6898247050297,GEDEROVCI - SKAKOVCI
445.0,14.7006904310138,45.5311624099473,BOSLJIVA LOKA - OSILNICA
446.0,16.0524242168809,46.6514698906459,RADENCI - PETANJCI
447.0,13.9938499780947,46.0693783094383,ŽELIN - SP. IDRIJA(MAROF)
448.0,15.2435968748316,45.9896404937211,MOKRONOG - BOŠTANJ
449.0,13.8340737701501,46.0945048570446,ČEPOVAN - DOL.TREBUŠA
450.0,15.2765069338824,45.6165240378512,METLIKA - PODZEMELJ
451.0,15.2965534902338,45.5352448145388,DOLENJCI - VRHOVCI
452.0,15.0577392485762,45.5042504531494,STARI TRG - BREZOVICA
453.0,13.911223681357,45.7608575474196,ŠTORJE - ŠTANJEL
454.0,15.2426866159195,46.046696901218,BREG  -  LISCA
455.0,13.6313869139629,46.0909291648963,KANAL-LIG-MIŠČEK-NEBLO
456.0,13.8926407220974,45.9146087288229,AJDOVŠČINA - PREDMEJA
457.0,13.7878415285854,45.8497151084225,BRANIK - KOMEN
458.0,13.7624151488481,45.8047585409973,KOMEN  - KRAJNA VAS
459.0,15.4441646620954,46.3944581754573,LUKANJA - OPLOTNICA
460.0,15.1817460627057,45.6470670210768,RUČETNA VAS - ŠTREKLJEVEC
461.0,14.826657304104,45.7843084226466,PRI CERKVI STRUGE - ZVIRČE
462.0,14.8285264745862,45.787118610221,ZAGRADEC - AMBRUS-ŽVIRČE
463.0,14.830786731374,45.7839456212786,ZVIRČE - SMUKA
464.0,14.4904203884119,46.1926086703267,VODICE
465.0,14.8034780417622,45.5743513070299,ŠTALCERJI - KOČ. REKA
466.0,14.9534962560042,45.5678225167893,LIVOLD - BREZOVICA
467.0,14.8898581683699,45.6565576590014,ŽELJNE - ROG-BAZA-PODTURN
468.0,15.095777965733,45.493021083981,DOBLIČE - SV.ANA-STARI TRG
469.0,15.2258084934749,45.6865620301814,ŠTREKLJEVEC - JUGORJE
470.0,13.611704212246,45.8986423171741,GORNJI MIREN - MIREN
471.0,15.5882792271726,45.9547283969453,SP. POHANCA - (R1-219)
472.0,13.6614498117307,45.897552476566,VOLČJA DRAGA - RENČE
473.0,13.7049410494572,45.9159858996594,PRIKLJ.  VOGRSKO - VOLČJA DRAGA
474.0,14.1795645382067,45.6089550618304,RIBNICA - PREM
475.0,15.2609351869811,45.8044431847934,GABRJE - RATEŽ
476.0,15.2300272308511,45.8187360033769,NOVO MESTO - RATEŽ
477.0,14.804281474622,46.4665379411864,KOPRIVNA - ČRNA
479.0,16.1568370731235,46.6366408115777,M.SOBOTA(GAJ) - PRIK.M.S.
480.0,15.0231085036946,46.58497254779,DRAVOGRAD - OTIŠKI VRH
481.0,15.7718021116514,46.2665242285924,KOZMINCI-ŽETALE - ROGATEC
482.0,15.1384541997197,46.6125542220413,GORTINA - BISTRIŠKI JAREK
483.0,15.1044920354898,46.6035401174762,DRAVOGRAD - TRBONJE
484.0,15.103137234981,46.5982152743657,TRBONJE - VUZENICA
485.0,15.11051227186,46.6048029019142,TRBONJE - GORTINA
486.0,15.398544128192,46.5837523459332,OŽBALT - ZG. KAPLA
487.0,16.2502209309823,46.8059825547548,ŠALOVCI - PETROVCI
488.0,15.7144007639526,46.5560115546908,MB (MALEČNIK) - PERNICA
489.0,16.0917714602687,46.745125207733,LEMERJE - GRAD
490.0,16.096683957332,46.7092713712416,LEMERJE - SKAKOVCI
491.0,16.1111213745483,46.7085470431835,GORICA - LEMERJE
492.0,16.258445265621,46.7334153073914,FOKOVCI - PROSENJAKOVCI
493.0,16.3704395924973,46.6637782737985,KOBILJE - DOBROVNIK
494.0,16.3050993859826,46.6654161684013,MORAVSKE TOPLICE - DOBROVNIK
495.0,15.6002299456703,46.4851709564251,ZG. HOČE - POHORSKA VZPENJAČA
497.0,14.1134341519514,45.8645232665143,KALCE - PODKRAJ
498.0,14.4745783621943,45.6769604263374,GRDA DRAGA -  PUDOB
499.0,16.1800707426787,46.670689921416,MARTJANCI - M.SOBOTA
500.0,13.6218886915955,45.4644984960164,SEČOVLJE - MP SEČOVLJE
501.0,13.9707481671186,45.4509729116037,LOKA - PODPEČ-RAKITOVEC
502.0,13.9062976212466,45.4583477937445,SOČERGA  -  MP  SOČERGA
503.0,14.2092303842407,45.4937045196394,MP STAROD - PODGRAD
504.0,14.2745566541489,45.492931181219,DOLNJI ZEMON  -  MP JELŠANE
505.0,13.945172923784,45.5350205494467,KASTELEC - PODGORJE
506.0,14.6515057589876,45.5929059868675,HRIB - PODPLANINA
507.0,14.8529875522325,45.4645442962847,PETRINA - MP PETRINA
508.0,15.3658481479811,45.4801427992977,ŽUNIČI - MP ŽUNIČI
509.0,15.0749507319652,45.4851362813374,KOT - SODEVCI
510.0,15.6181078893155,46.4594609396516,FRAM - KOPIVNIK
511.0,15.6900881201698,45.8489267061585,OBREŽJE TERMINAL - MP OBREŽJE
512.0,15.6198407061915,45.8838377324423,BREŽICE - PRIKLJ. OBREŽJE
513.0,15.7033178534709,45.9217110661677,KAPELE - RAKOVEC
514.0,15.7053770704937,45.9751724637485,ST.VAS - FIGAROV MOST
515.0,15.710943021084,46.0046325660923,MP  NOVA VAS - PIŠECE
516.0,14.2107027422903,45.5853731871618,PREM - IL.BISTRICA
517.0,15.6451322314045,46.2136420091667,RODNE - MP RAJNKOVEC
519.0,14.2492725394966,45.5693273897718,IL.BISTRICA - GRDA DRAGA
520.0,16.0200756792448,46.3232728604175,BORL-CIRKULANE - MP MEJE
521.0,15.9510514218851,46.2993334222268,VIDEM - ZG. LESKOVEC
522.0,16.2997189660981,46.3862190921943,SREDIŠČE OB DRAVI  -  MP SRED.
523.0,14.2748863257164,45.4971625855086,JELŠANE - NOVOKRAČINE
524.0,16.1442939679111,46.8537575783744,MP MARTINJE - MARTINJE
525.0,15.4057508875645,45.6492317242679,RADOVIČI - MP BOŽAKOVO
526.0,14.1039021921942,45.5399638034966,PODGRAD - OBROV
527.0,14.0867044068844,45.5407907206946,OBROV - GOLAC
528.0,13.6744531518128,46.1097463104434,ROČINJ - LIG
529.0,13.6500291075118,46.1283109024632,KAMBREŠKO - SOLARJI
530.0,14.028102430465,46.4447750966551,HRUŠICA - PLAVŽ
531.0,14.0781677272708,46.428859011779,JESENICE - JAVORNIK
532.0,13.7200112927286,46.1608314088341,MOST NA SOČI - UŠNIK
533.0,13.7459069257966,46.1511847068248,MOST NA SOČI - BAČA
534.0,13.7655921195224,46.1427519853482,ČEPOVAN - MOST NA SOČI
535.0,13.5531955104991,46.3337011796295,BOVEC(PO OBVOZNICI) - ŽAGA
536.0,13.5894380470071,46.3609114750955,KLUŽE - BOVEC
537.0,13.6097844029477,46.4287835821038,STRMEC - MANGART
538.0,13.9992696364774,46.2152133330392,PODBRDO - PETROVO BRDO
539.0,14.0000098574982,46.2158496195835,PETROVO BRDO - PODROŠT
540.0,13.9998154682154,46.2158479222995,SORICA - PETROVO BRDO
541.0,14.0585833394706,46.2112174416438,SORICA - PODROŠT
542.0,14.059410839398,46.2113322085405,PODROŠT - ZALI LOG
543.0,14.1667310289904,46.2450665558539,RUDNO - ČEŠNJICA
544.0,14.1669528823485,46.2458329468045,KROPA - RUDNO
545.0,14.1666092990602,46.2453985739929,RUDNO - ROVTARICA
546.0,13.7089264708762,46.1697404812443,PERŠETI - UŠNIK
547.0,14.2620894401526,46.294251834142,OVSIŠE - GOBOVCE
549.0,14.2757154687032,46.3161751389452,PODTABOR - ZVIRČE
550.0,13.4821775041133,46.0044503039883,NEBLO - MP NEBLO
551.0,13.4370547425613,46.2982182197821,ŽAGA - UČJA
552.0,14.8263478159117,46.5297857489478,MEŽICA - REHT
553.0,15.5519230095497,46.6469536921019,ZG.KUNGOTA - JURIJ
554.0,14.280059195062,46.3255866390971,ZVIRČE - PODTABOR
555.0,14.2952864357332,46.355516047369,BISTRICA - TRŽIČ
556.0,14.3168491886697,46.3320828104731,TRŽIČ - GOLNIK
557.0,14.1488960192245,46.382144063094,ŽIROVNICA - LESCE
558.0,13.6549618240372,45.940531544634,AJŠEVICA  -  NOVA GORICA
559.0,13.5998354774872,45.8837319834661,MIREN - OPATJE SELO
560.0,13.6289570779278,45.8951072018381,RENČE - GORNJI MIREN
561.0,14.6583891009316,45.9655644641402,PEROVO - GROSUPLJE
562.0,14.413631309972,46.0138826905714,VNANJE GORICE - BREZOVICA
563.0,14.4299478335067,45.8857638997954,RAKITNA - CERKNICA
564.0,14.9266052598384,45.9303975246292,GRM - PLUSKA
565.0,15.2500842772664,45.9001970178238,ZBURE - ŠMARJEŠKE TOPLICE
566.0,15.1851138471086,45.8260437640079,NOVO MESTO (LOČNA - MAČKOVEC)
567.0,15.4446962860841,46.3256996909885,SLOV.KONJICE - ŽIČE
568.0,15.479962215228,46.3174769727236,TEPANJE - ŽIČE
569.0,15.5573414087487,46.3786295115448,SL.BISTRICA - LOŽNICA
570.0,15.5962303790919,46.3982893764304,ODCEP PRIKLJ. SL. BISTRICA S
571.0,15.149527983679,46.6088244272051,MUTA - GORTINA
572.0,15.6834357304702,46.5578297218693,MB (MALEČNIK-most) - MB (MALEČNIK)
573.0,15.3841815935833,46.5843235445236,BREZNO - RUTA
574.0,16.1644198224842,46.4134922465649,ORMOŽ Z  -  ORMOŽ V
575.0,16.1777287204448,46.4238194121574,PAVLOVCI - ORMOŽ
576.0,16.123419975558,46.5771182942217,VUČJA VAS - KRIŽEVCI
577.0,14.9762045726646,46.3391930997923,MOZIRJE - SOTESKA
578.0,14.9995872295414,46.3392221630646,GORENJE - SOTESKA
579.0,14.8675526930706,46.5084545009078,MEŽICA - ČRNA
580.0,15.2118006673168,46.1462720947821,LAŠKO - ŠMARJETA
581.0,15.2901899908522,46.0130239712143,BOŠTANJ
582.0,15.034552525928,46.1365778680797,BEVŠKO - TRBOVLJE
583.0,14.994935998619,46.1206940208597,ZAGORJE - MOST ČEZ SAVO
584.0,15.0930514714569,46.1280145599633,HRASTNIK - MOST ČEZ SAVO
585.0,15.3016964312759,46.1874210300475,SVETINA  -  BRSTNIK
586.0,15.7989750062881,46.4057852925278,APAŠKI KRIŽ  -  KIDRIČEVO
587.0,16.0274335413241,46.5613511184032,ŽIHLAVA - VIDEM
588.0,15.0508202407477,45.4949853776474,KOT - GRGELJ
589.0,14.0125067890399,45.6537614237786,ZAVRHEK - ARTVIŽE
590.0,14.1280312026778,45.5803552161392,PREGARJE - OBROV
591.0,14.1289960465002,45.5801106050862,PREGARJE - HARIJE
592.0,14.1285536090807,45.5805481606842,ČELJE - PREGARJE
593.0,14.1202011306592,45.5812131484191,ARTVIŽE - PREGARJE
594.0,15.9814914577626,46.5929205691334,GRABONOŠ - SP. IVANJCI
595.0,15.9810854416665,46.5935628363639,SP.IVANJCI - GORNJA RADGONA
596.0,15.9809129134582,46.5926826262653,SV. TROJICA-COGETINCI - SP.IVANJCI
597.0,15.8651316397911,46.5807983230483,LENART - SVETA TROJICA
598.0,14.4208773338588,46.0522317144851,DOBROVA - LJ(DOLGI MOST)
599.0,13.6612266038083,45.9814283868725,SOLKAN - GRGAR
600.0,15.4578620951622,46.5604433902403,RUTA - SELNICA
601.0,14.7466418258235,45.9574877124458,VIŠNJA GORA - IVANČNA GORICA
602.0,15.2848631570623,45.8692251676794,KRONOVO - DOBRUŠKA VAS
603.0,14.1315951771623,46.4066035251554,JAVORNIK - ŽIROVNICA
604.0,14.0576736502429,45.551614531226,OBROV - KOZINA
605.0,15.3159965266338,46.5968500131075,RADLJE - BREZNO
606.0,15.7612292983767,46.4681142765336,MIKLAVŽ - HAJDINA
607.0,15.2223517260644,45.7403420351815,NOVO MESTO (REVOZ) - METLIKA
608.0,15.520010680917,46.3681893597208,LOŽNICA - TEPANJE
609.0,15.1256596952773,46.2558092946933,VRBENSKO POLJE - ŠEMPETER
610.0,14.6416310229064,46.1579910080392,ŽELODNIK - DOMŽALE
611.0,14.3278182721904,45.9935176396914,BREZOVICA - VRHNIKA
612.0,14.2366337769881,45.7997430857108,PLANINA - RAVBARKOMANDA
613.0,13.9018422548093,45.722615605671,ŠTORJE - SEŽANA
614.0,13.9065082656411,45.5745388149304,KOZINA  -  KASTELEC
615.0,14.1521341792079,45.6400964790531,PIVKA - RIBNICA
616.0,13.6890966353592,46.1141438565049,UŠNIK - KANAL
617.0,14.0341336975898,45.9948910413189,SP. IDRIJA - GODOVIČ
618.0,14.2418183588284,46.2005828186352,ČEŠNJICA - ŠKOFJA LOKA
619.0,14.836929858494,45.6692638122632,DOLENJA VAS - KOČEVJE
620.0,14.9508119531148,46.0931247679684,LITIJA - ZAGORJE
621.0,15.1961504904913,46.4414827253171,LUŽNIK - GORNJI DOLIČ
622.0,15.4344841816821,46.2123909245496,ŠENTJUR - ŠMARJE PRI JELŠAH
623.0,16.1024818086469,46.6504487804342,PETANJCI - M.SOBOTA(GAJ)
624.0,13.9354553226577,45.8664529369906,VIPAVA - AJDOVŠČINA
625.0,14.3767052676543,46.1904816185846,KR (LABORE) - JEPRCA
627.0,14.4629199517414,46.2321528555502,LETALIŠČE BRNIK - SP.BRNIK
628.0,15.6715631962075,46.6207251270128,ŠENTILJ - PESNICA
630.0,15.3803283939451,45.9886710730266,IMPOLJCA - BRESTANICA
631.0,13.8426505197135,46.4844564576965,GOZD MARTULJEK - MOJSTRANA-DOVJE
632.0,14.1791914730084,46.3488234511104,LESCE - RADOVLJICA
634.0,15.0970073493144,45.8868542729884,GRM - ŠENTJURIJ
635.0,13.8668863479266,45.8846904351865,AJDOVŠČINA - SELO
636.0,16.2315056711996,46.5110366141111,STROČJA VAS - LJUTOMER
637.0,15.8562154865166,46.416571475076,PTUJ - HAJDINA
638.0,15.8947575875066,46.4132167162141,PTUJ - SPUHLJA
639.0,15.8321093931229,46.4131060049096,HAJDINA  (Mariborska c.- Gomile)
641.0,15.7047526875434,46.4083947705718,PRAGERSKO - ŠIKOLE
643.0,14.4368802670372,46.1244902423506,MEDVODE - STANEŽIČE
644.0,14.0082092936274,45.782470716803,RAZDRTO - MANČE
645.0,14.6009733776912,45.9815934043746,LJ (MALENCE)  -  ŠMARJE-SAP
646.0,14.1280765800692,46.4062169259819,LIPCE - LESCE
647.0,14.3128304384953,46.2773553231386,NAKLO - KRANJ Z
648.0,15.2497852438513,46.2550005348543,CELJE - CELJE ZAHOD
650.0,13.7240852473576,45.5945790064892,ANKARAN - MP LAZARET
651.0,13.7971806745464,45.5820982140802,MP ŠKOFIJE  -  PLAVJE
652.0,13.9091809893109,45.6192054183879,KOZINA - MP KOZINA
653.0,13.8361310909097,45.7002983939789,FERNETIČI - MP FERNETIČI
654.0,13.6363848733726,45.94179632388,N.GORICA - ROŽNA DOLINA
655.0,13.5005751435969,46.2189545678908,MP ROBIČ - ROBIČ
657.0,13.5833081059426,46.4201276667507,MP PREDEL - KLUŽE
658.0,13.7049843958664,46.4972791559086,MP RATEČE - RATEČE
659.0,13.7514838075318,46.5171390845612,MP KORENSKO SEDLO - PODKOREN
660.0,14.2598103836389,46.43278495545,MP LJUBELJ - BISTRICA(TRŽIČ)
661.0,14.5269779712644,46.4185605141527,MP ZG.JEZERSKO - ZG.JEZERSKO
662.0,14.8412587136641,46.5667123104092,MP HOLMEC - POLJANA
663.0,14.994595675623,46.5987493456606,MP VIČ - DRAVOGRAD
664.0,15.6481728081708,46.6846922531212,ŠENTILJ
665.0,15.9876365251708,46.6830784446876,MP G.RADGONA - G.RADGONA
666.0,16.0524750259404,46.8339483907907,SOTINA - MP KUZMA
667.0,15.574856224947,46.3073835742562,MLAČE - POLJČANE
668.0,15.2065960815337,46.6444067123952,RADLJE - RADELJSKI PRELAZ
669.0,14.4855223215115,46.2358823578501,SP.BRNIK - CERKLJE
670.0,15.8769157271105,46.4078669836345,PTUJ(TURNIŠČE - BUDINA)
671.0,13.6235332938747,45.9195885229415,VRTOJBA - MP VRTOJBA
672.0,14.9444641706946,46.6229831534611,ČRNEČE - MP LIBELIČE
673.0,13.9913828659049,46.4519883421048,MP KARAVANKE - HRUŠICA
674.0,15.6458564959617,46.6899594508693,MP ŠENTILJ - POČIVALIŠČE ŠENTILJ
675.0,16.5273325965835,46.5226593619007,DOLINA - MP PINCE
676.0,15.6801985340481,45.8930671462491,DOBOVA - M.P. RIGONCE
677.0,15.6838182632016,45.8426929071227,MOKRICE  -  OBREŽJE - SLOV. VAS
678.0,14.8291941483323,46.080683110868,RIBČE - LITIJA
679.0,13.5893161786341,46.2340738060462,KOBARID - IDRSKO
681.0,16.0346555246701,46.7955520379905,VEČESLAVCI - SOTINA
683.0,15.3446968492145,45.8449987699306,ŠENTJERNEJ - KOSTANJEVICA
684.0,13.9684489074131,45.6710544815291,DIVAČA - MATAVUN
686.0,13.7864800946118,45.5672187576906,ŠKOFIJE - R.ŠKOFIJE
687.0,15.6459390168516,46.2480704492231,TEKAČEVO  -  KOTEC
688.0,13.8880777657095,45.8861309872437,AJDOVŠČINA - SELO
689.0,15.2173417769975,46.2571727457298,PRIKLJ. CELJE Z - MEDLOG
690.0,15.3840644109996,46.2377649687124,DOLE - ŠENTJUR
691.0,14.4036587823048,45.9912469147019,PODPEČ - VNANJE GORICE
692.0,14.5917713108627,46.0415218951924,LJ(LITIJSKA) - ZADVOR
693.0,13.6505745275154,45.9730882278791,SOLKAN-NOVA GORICA (KROMBERK)
694.0,15.3108470614945,46.2521595701996,LJUBEČNA - BUKOVŽLAK
695.0,15.2778134221431,46.2445974371298,CELJE AC - CELJE
696.0,15.6834510922062,46.227733563388,KOTEC - ROGATEC
697.0,14.1922284843371,46.3405036567024,RADOVLJICA - PODVIN
698.0,15.7833565067152,46.609486071703,JUROVSKI DOL - LENART
699.0,13.7177716298812,45.9416034993327,TRI HIŠE - AJŠEVICA
700.0,14.4229210067878,45.9536177247997,PODPEČ - RAKITNA
702.0,13.6327818553331,45.4635314065904,SEČOVLJE - DRAGONJA
703.0,14.9977049943063,46.1095820869036,SOPOTA - PODKUM-ZAGORJE
705.0,15.4330363770212,46.5418989684983,RUŠE - PUŠČAVA
706.0,15.5738009193805,46.55785829895,MARIBOR - RUŠE
707.0,14.2246862067689,46.3225083588426,GOBOVCE - ČRNIVEC
708.0,14.279662564376,46.2963520002185,PRIKLJ. NAKLO - PODTABOR
709.0,15.2439503290046,46.0461093413048,BREG - SEVNICA
710.0,15.5000114272727,46.5456552667771,RUŠE - SELNICA
711.0,15.3947851409518,46.3614226998732,ZREČE - ZEČE
712.0,16.2199063910817,46.7164427253355,SEBEBORCI - TRAKŠAROV BREG
713.0,15.4612626681823,45.9887046084082,BLANCA - BRESTANICA
714.0,16.2101915183767,46.817002522011,PETROVCI - MARTINJE
715.0,15.3335212998206,46.0032594339777,SEVNICA - BLANCA
716.0,14.3486895164171,46.2350071173048,KR(ISKRA - LABORE)
717.0,14.3512774233641,46.2420757345021,KRANJ(KIDRIČEVA  -  ISKRA)
718.0,14.3441859601719,46.251752556674,POLICA - KR(KIDRIČEVA)
719.0,16.2774174943946,46.8223793875313,ŠALOVCI - ČEPINCI
720.0,16.3174402684335,46.8109491194527,HODOŠ - DOMANJŠEVCI
721.0,16.3405896058368,46.714325522229,BERKOVCI - KOBILJE
725.0,14.4745692602204,46.0867262505159,LJ(ŠENTVID  -  OBVOZNICA)
732.0,13.8514051410814,45.4494951491093,GRAČIŠČE - BREZOVICA
733.0,16.0354557943752,46.4709938531271,LJUTOMER - DORNAVA
734.0,15.3707028317426,46.4013430457566,ROGLA - ZREČE
735.0,13.9544259865661,45.832795245997,MANČE - VIPAVA
736.0,14.2131456559315,45.8728190139852,KALCE - PLANINA
737.0,15.1080519698985,45.6657971710835,ČRMOŠNJICE - RUČETNA VAS
738.0,15.5698952260756,45.9470927390944,SP.POHANCA - BREŽICE
739.0,15.1838890233891,46.0878278152523,RIM.TOPLICE - ZIDANI MOST
740.0,15.3195065390784,46.2647318105802,ARCLIN - LJUBEČNA
741.0,15.0941124991698,46.2469237983051,LATKOVA VAS - PREBOLD
742.0,14.8539456837853,45.4649234495911,FARA - PETRINA
743.0,14.8518996017423,45.4649208496912,PETRINA - GRIVAC-MIRTOVIČI
744.0,14.8673378185295,45.6293592476917,KOČEVJE - LIVOLD
745.0,15.3607443423083,45.6652654305942,DRAŠIČI - METLIKA
746.0,16.1406082551888,46.6499843814725,M.SOBOTA(GAJ) - M.SOBOTA
747.0,14.5616562583452,46.074018374151,LJ(ŠMARTIN.) - PRIKLJ. SNEBERJE
748.0,13.8720441422595,45.5493955051407,ČRNI KAL  -  KORTINE
749.0,14.9042667788014,45.4802824205771,GRGELJ - FARA
750.0,14.8703858375768,45.5125632975583,ŠTALCERJI - FARA
751.0,14.7381150684926,45.7278760383551,HROVAČA - DOLENJA VAS
752.0,14.9410203423659,46.5449341586887,PREVALJE - RAVNE
753.0,16.0537921568448,46.3787584032643,ZAVRČ - DRENOVEC
754.0,13.6077171843809,46.0509367122075,KANAL - PLAVE
755.0,13.5559977274102,46.0053427892838,GONJAČE - DOBROVO
756.0,15.572949989401,46.244322001987,MESTINJE - PODPLAT
757.0,15.4212235612662,46.2019947830375,ŠENTJUR - ČRNOLICA
758.0,16.0111495124575,46.7254630227165,CANKOVA - GERLINCI
759.0,16.0198784553798,46.7761533748442,PERTOČA - FIKŠINCI
760.0,16.0277839328069,46.8040978269713,ROGAŠOVCI - KRAMAROVCI
761.0,16.0901578156677,46.8032226985921,GRAD - KUZMA
762.0,15.8667774939334,46.3173066182278,PODLEHNIK - KOZMINCI
763.0,15.8917928046203,46.3702694809929,TRŽEC - VIDEM
764.0,15.9549407126367,46.4709131381008,JURŠINCI - GABERNIK
765.0,15.9472293717764,46.4797585108516,VITOMARCI - GABRNIK
766.0,15.8802331637938,46.485306264017,JANEŽOVSKI VRH - DESTRNIK
767.0,15.852314308298,46.4840966824606,JANEŽOVCI - DOLGE NJIVE
768.0,15.3350729138008,46.0928625778791,JURKLOŠTER - DEŽNO
769.0,15.3340315810084,46.093882371262,RIMSKE TOPLICE - JURKLOŠTER
770.0,13.8635434785733,45.5606854561801,ČRNI KAL  -  OSP
771.0,13.859273749057,45.5418631414214,RIŽANA - KORTINE
772.0,13.838683250408,45.5218862679417,SV. ANTON - GRAČIŠČE
773.0,14.2121164775362,46.3405611074533,PODVIN - ČRNIVEC
774.0,13.9412839635515,46.4584821372945,ZG.RADOVNA - DOVJE
775.0,13.9322833037854,46.4553845882095,MOJSTRANA - VRATA
776.0,13.9453922728301,46.4648539715929,DOVJE - MOJSTRANA-KRAJE
777.0,13.8024217291602,46.4865801413348,KR.GORA - GOZD MARTULJEK
778.0,13.7221563276435,46.4944580010598,RATEČE - PODKOREN
779.0,13.7208121459568,46.49400214073,RATEČE - PLANICA
780.0,14.6155012685369,46.283240253458,STAHOVICA - KAM.BISTRICA
781.0,14.5310971115809,46.202319332103,SP.BRNIK - MOSTE
782.0,13.8590308090327,45.7052081094803,SEŽANA - FERNETIČI
783.0,13.7110720839673,45.8012403090528,GORJANSKO - ŽEKENC
784.0,14.6796310324401,45.8566703047606,VIDEM - RAŠICA
785.0,14.7092051792122,45.8254088939427,VIDEM - PRI CERKVI STRUGE
786.0,15.3170213542552,46.2187083002538,ŠTORE - LAŠKA VAS
787.0,15.2364576671623,46.1665486524491,BRSTNIK  -  LAŠKO
788.0,15.1715515838659,46.0132116692818,TRŽIŠČE - HOTEMEŽ
789.0,14.3138778679195,45.4915447405853,ZABIČE - NOVOKRAČINE
790.0,14.1901249899821,45.4966034887961,STAROD - MEJA RH
791.0,13.8063743231849,45.7656607639143,KRAJNA VAS - DUTOVLJE
792.0,15.8074586929572,46.4121854944859,KIDRIČEVO - HAJDINA
793.0,15.8232733765329,46.5747651640853,PRIKLJ. LENART - LENART
794.0,15.9705793124488,46.6810385037951,GORNJA RADGONA
799.0,15.2837525022319,45.8686520816625,DOLENJE KRONOVO - GOR. GOMILA
802.0,15.6581647762723,46.4667942494795,SLIVNICA - FRAM
803.0,13.832649118972,45.5518708567822,ČRNI KAL  -  RAZCEP SERMIN
805.0,14.256037796094,45.9088183836496,PRIKLJ. LOGATEC
806.0,15.1291787528148,45.8644170386622,PRIKLJ. MIRNA PEČ  -  NM PRIKLJ. Z
808.0,13.9665926188262,45.6686981798538,PRIKLJ. DIVAČA
809.0,13.9663746350885,45.6686872130957,PRIKLJ. DIVAČA
810.0,14.1589471814276,46.3676068245303,PRIKLJ. LESCE - JESENICE
812.0,13.9891472145353,45.7005825039869,SENOŽEČE  -   GABRK
813.0,13.9052181564174,45.7128758810298,GABRK - SEŽANA V
815.0,13.6597839817104,45.9202168250146,VOGRSKO - ŠEMPETER
816.0,13.7810089289977,45.8978897851752,SELO  -  VOGRSKO
818.0,14.0057020569516,45.721522408586,PRIKLJ. SENOŽEČE
822.0,14.2411131622091,45.796704505547,UNEC - POSTOJNA
823.0,13.9333447880318,45.6114876374252,PRIKLJ. KOZINA - KP
824.0,14.2864167408004,45.8251955577054,PRIKLJ. UNEC - LJ
825.0,14.2882269579299,45.8235241857821,PRIKLJ. UNEC - KP
826.0,14.1979322163282,45.7614526201202,PRIKLJ. POSTOJNA - LJ
828.0,14.07590012802,45.7602628702397,PRIKLJ. RAZDRTO - LJ
829.0,14.0736907767916,45.7585983551742,PRIKLJ. RAZDRTO - KP
830.0,14.5976021012435,46.1053626361926,DOMŽALE - ŠENTJAKOB
831.0,14.6865089328502,46.1646452935565,PRIKLJ. LUKOVICA
832.0,14.4605208104169,46.0819552951341,LJ (ŠENTVID - PODUTIK)
834.0,14.7330617288651,46.1699722145465,BLAGOVICA - LUKOVICA
835.0,14.6519130217231,46.15361383024,PRIKLJ. KRTINA
836.0,14.924911244805,46.2179062876076,VRANSKO - TROJANE
837.0,15.658768579156,46.6198010950377,ŠENTILJ  -  PESNICA
838.0,15.5146218592459,46.3645879721382,SL.BISTRICA - SL.KONJICE
839.0,14.9884819607227,46.2559161202508,ŠENTRUPERT - VRANSKO
840.0,15.6713270731253,46.5131059875786,MB (PTUJSKA) - ROGOZA
841.0,16.1197613696644,46.5977301266387,VUČJA VAS - MURSKA SOBOTA
842.0,14.7753561662697,46.1704223228364,PRIKLJ.BLAGOVICA - CE
844.0,15.4761160396965,46.3395453198536,PRIKLJ. SL. KONJICE - MB
845.0,15.4756307097344,46.3390075154635,PRIKLJ. SL. KONJICE - CE
846.0,15.3925813093643,46.2628024968342,PRIKLJ. DRAMLJE - MB
847.0,15.392334776851,46.2627943500009,PRIKLJ. DRAMLJE - CE
848.0,15.6530385241173,46.4508359929527,PRIKLJ. FRAM  -  MB
849.0,15.6530662819077,46.4509797867202,PRIKLJ. FRAM -  CE
850.0,14.4517347892565,46.2108660870266,BRNIK  -  VODICE
851.0,14.6484962559844,46.1534324812896,PRIKLJ. KRTINA
853.0,14.4801488951751,46.1564737334705,VODICE  - LJ ( ŠMARTNO)
854.0,14.3267610557471,45.9912709904168,BREZOVICA - VRHNIKA
855.0,14.4476704059527,46.0479460176096,LJ (BRDO  -  KOZARJE)
856.0,15.5718503840489,46.3849545987888,PRIKLJ. SL. BISTRICA J. - MB
857.0,15.5712236384448,46.3822136126313,PRIKLJ. SL. BISTRICA J - CE
858.0,14.3023241843313,45.9686483616016,PRIKLJ. VRHNIKA - LJ
859.0,14.3037572640182,45.9685850945931,PRIKLJ. VRHNIKA - KP
860.0,13.7865215890693,45.5694598137186,PLAVJE - ŠKOFIJE
862.0,13.7964902257053,45.5790224854271,PRIKLJUČEK PLAVJE - MP
863.0,13.8394290666482,45.7016546345425,SEŽANA Z  -  FERNETIČI
864.0,13.8413082789902,45.7020696020671,PRIKLJ. FERNETIČI
865.0,13.9272647148356,45.8704255664491,VIPAVA - AJDOVŠČINA
866.0,13.7864890733916,45.8965623407381,PRIKLJ. SELO - AJDOVŠČINA
867.0,13.7898023647665,45.8947168518834,PRIKLJ.SELO - VRTOJBA
868.0,15.6486140158929,46.6855084432498,PRIKLJ.ŠENTILJ - MP ŠENTILJ
869.0,15.651219809448,46.6826056618209,POČIVALIŠČE ŠENTILJ - ŠENTILJ
870.0,14.8418279041195,45.9333363557488,IVANČNA GORICA - BIČ
873.0,15.4687429096713,45.9132723259549,PRIKLJ. DRNOVO - NM
874.0,15.468371982218,45.9136157725424,PRIKLJ. DRNOVO - ČATEŽ
875.0,15.4554475276837,45.9142171058277,SMEDNIK   -  DRNOVO
876.0,14.6051230206921,45.9788274347079,PRIKLJ. ŠMARJE - SAP NM
877.0,15.6976237605597,46.5931644538927,DRAGUČOVA - PERNICA
878.0,15.7483958230728,46.5745251039832,PRIKLJ.PERNICA - MB
880.0,13.634469948203,45.920475395834,ŠEMPETER - VRTOJBA
881.0,16.1083013341268,46.5919669693838,PRIKLJ. VUČJA VAS - MB
882.0,16.1068946372747,46.5940229067391,PRIKLJ. VUČJA VAS  - MS
884.0,16.4342943748185,46.5824721420198,DOLGA VAS - LENDAVA
885.0,16.4429533664245,46.5547693379751,PRIKLJ. LENDAVA - MS
886.0,16.4446672422191,46.5559532707281,PRIKLJ. LENDAVA - PINCE
887.0,16.1580009483418,46.6330392816866,PRIKLJ. MURSKA SOBOTA - MB
888.0,16.1561204048593,46.634884690975,PRIKLJ. MURSKA SOBOTA - LENDAVA
889.0,15.6870714580307,46.5596432430903,DRAGUČOVA - MB (ZRKOVSKA)
890.0,15.7715813296964,46.4469916360967,MARJETA - ZLATOLIČJE
891.0,,,LJ (LESKOŠKOVA C. - ŠMARTINSKA)
893.0,13.9136174106219,45.5806354824593,KOZINA - KASTELEC
894.0,14.0533320533222,45.7576219865885,RAZCEP NANOS
895.0,14.0513628864247,45.7570028101339,RAZCEP NANOS
896.0,15.4388290011612,46.2920997188208,SL.KONJICE - DRAMLJE
897.0,14.2629856026497,45.8775415049612,LOGATEC - UNEC
900.0,15.6201031368765,46.568250169241,MB (OTOK) - MB (KOROŠKI MOST)
901.0,13.6337759681368,45.5304206916415,JAGODJE-VALETA
902.0,14.0062262641292,46.4489150700309,KRAJE - HRUŠICA
903.0,15.0352501968803,45.9229815761136,TREBNJE - MIRNA
904.0,15.1587112914669,46.2566133712235,ŽALEC - VRBENSKO POLJE
905.0,15.6652039026074,46.5015357897586,HOČE - PRIKLJ.  ROGOZA
906.0,15.6543610662279,46.4634062686708,SLIVNICA - FRAM
907.0,16.4523460817857,46.5533997035435,DOL. LAKOŠ - LENDAVA
908.0,13.6264094349343,45.9090774870986,D.VRTOJBA -  GORNJI MIREN
909.0,14.3066921287195,45.814423414167,UNEC - RAKEK
910.0,15.6151149767456,46.239081657879,TEKAČEVO - ROGAŠKA SLAT.
911.0,15.8511069188854,46.3967980082478,HAJDINA - TURNIŠČE
912.0,15.6359495996063,46.494496117856,SP.HOČE - ZG.HOČE
913.0,14.3540671421064,46.2629833524936,KOKRICA - KRANJ
914.0,13.5279352030174,46.2457713678972,ROBIČ - STARO SELO
915.0,14.9489229473432,46.2396117868283,VRANSKO - LOČICA
916.0,14.5889417805448,46.1412141917514,DOMŽALE - STOB
917.0,13.9000522039938,45.8819636522821,AJDOVŠČINA  (OBVOZNICA)
918.0,14.5791776282689,46.1622959727568,MENGEŠ (KOLODVORSKA C.) - LOKA
919.0,15.2507414054187,45.8490063255508,OTOČEC - KRONOVO
920.0,15.0605514750167,45.7783911690942,SOTESKA - STRAŽA
921.0,15.0655320762596,46.5019772069745,KOTLJE - STARI TRG
922.0,15.1967037114832,45.8278507980729,MAČKOVEC - LEŠNICA
923.0,15.2099266731135,46.6141535486709,RADLJE
924.0,14.3207547767522,46.1638192029591,OBVOZNICA ŠKOFJA LOKA
925.0,15.0559333262301,45.9010181627597,GRM - TREBNJE
926.0,14.2276116757666,45.5756082240672,ILIRSKA BISTRICA (NIKOLA TESLA)
927.0,15.8900697656362,46.4384362890159,ROGOZNICA - JANEŽOVCI
928.0,15.8809963383919,46.4253799372949,PTUJ - ROGOZNICA
929.0,15.095180419086,45.8662055947568,ŠENTJURIJ-MIRNA PEČ
930.0,14.0011555005081,46.2892963531912,SOTESKA - BITNJE
931.0,15.4838201371225,45.9334004317497,LESKOVEC - DRNOVO
932.0,15.3293960092199,46.0000052911492,BOŠTANJ - IMPOLJCA
2001.0,14.8637331195883,46.1854780882038,TROJANE  -  BLAGOVICA
2004.0,15.3421581779652,46.2545528794323,DRAMLJE - LJUBEČNA
2005.0,15.6261410740261,46.4187323847755,FRAM - SL.BISTRICA-SEVER
2006.0,15.5919992100599,46.3918604899258,SL.BISTRICA - SEVER-JUG
2007.0,15.7674772601376,46.5704397232238,PERNICA - LENART
2009.0,16.1839943957038,46.6349589880199,MURSKA SOBOTA - LIPOVCI
2010.0,16.5130181974672,46.5239655230004,LENDAVA - PINCE
2011.0,16.0429714244004,46.5791770532054,SV.JURIJ OB ŠČAVNICI - VUČJA VAS
2101.0,13.9485255289423,45.61697316409,DIVAČA - KOZINA
2103.0,14.2917082268921,45.9460256922721,VRHNIKA - LOGATEC
2105.0,14.1444718341337,45.7635671955157,POSTOJNA - RAZDRTO
2106.0,14.0686693384579,45.759853349914,RAZDRTO - NANOS
2108.0,14.0408128317713,45.7455142306466,NANOS  -  SENOŽEČE
2109.0,13.9747733531627,45.678975808267,GABRK  -  DIVAČA
2110.0,14.0463333017443,45.7579598170107,NANOS - (RAZDRTO) - PODNANOS - VIPAVA
2201.0,14.1712710746564,46.3570978839889,LESCE - RADOVLJICA
2302.0,15.584337669133,45.8940940792205,DRNOVO  -  BREŽICE
2303.0,14.625005844192,45.9738193171437,ŠMARJE SAP - CIKAVA
2401.0,14.5795039114096,46.0748049313208,SNEBERJE - LJ (ZADOBRAVA)
